ORG_Name,Is_ORG,Link,keyword
Ban Choon Marketing,ORG,https://techcrunch.com/2021/08/11/mushroom-based-meat-alternative-startup-fable-food-raises-6-5m-aud-will-launch-in-the-u-s/,plant based meat companies in australia
Culture Amp,ORG,https://techcrunch.com/2021/08/11/mushroom-based-meat-alternative-startup-fable-food-raises-6-5m-aud-will-launch-in-the-u-s/,plant based meat companies in australia
Australia-based Fable Food,ORG,https://techcrunch.com/2021/08/11/mushroom-based-meat-alternative-startup-fable-food-raises-6-5m-aud-will-launch-in-the-u-s/,plant based meat companies in australia
Fable Food,ORG,https://www.smh.com.au/business/entrepreneurship/got-to-be-reasonably-priced-plant-based-meat-products-nearing-tipping-point-20210811-p58hta.html,plant based meat companies in australia
Shoes of Prey,ORG,https://www.greenqueen.com.hk/fable-vegan-mushroom-meat-funding/,plant based meat companies in australia
Australian VC Blackbird Ventures,ORG,https://www.greenqueen.com.hk/fable-vegan-mushroom-meat-funding/,plant based meat companies in australia
Fable Foods,ORG,https://www.greenqueen.com.hk/fable-vegan-mushroom-meat-funding/,plant based meat companies in australia
Marley Spoon,ORG,https://www.greenqueen.com.hk/fable-vegan-mushroom-meat-funding/,plant based meat companies in australia
the Sydney Morning Herald,ORG,https://www.greenqueen.com.hk/fable-vegan-mushroom-meat-funding/,plant based meat companies in australia
Choon Marketing Pte Ltd,ORG,https://www.greenqueen.com.hk/fable-vegan-mushroom-meat-funding/,plant based meat companies in australia
Better Bite Ventures,ORG,https://www.greenqueen.com.hk/fable-vegan-mushroom-meat-funding/,plant based meat companies in australia
Aera VC,ORG,https://www.greenqueen.com.hk/fable-vegan-mushroom-meat-funding/,plant based meat companies in australia
Blackbird Ventures,ORG,https://www.greenqueen.com.hk/fable-vegan-mushroom-meat-funding/,plant based meat companies in australia
Sequoia Capital,ORG,https://www.greenqueen.com.hk/fable-vegan-mushroom-meat-funding/,plant based meat companies in australia
the White House,ORG,https://www.reuters.com/world/us/some-us-meat-plants-stop-operating-after-jbs-cyber-attack-2021-06-01/,plant based meat companies in australia
the United Food and Commercial Workers International Union Local 7,ORG,https://www.reuters.com/world/us/some-us-meat-plants-stop-operating-after-jbs-cyber-attack-2021-06-01/,plant based meat companies in australia
White House,ORG,https://www.reuters.com/world/us/some-us-meat-plants-stop-operating-after-jbs-cyber-attack-2021-06-01/,plant based meat companies in australia
The White House,ORG,https://www.reuters.com/world/us/some-us-meat-plants-stop-operating-after-jbs-cyber-attack-2021-06-01/,plant based meat companies in australia
Colonial Pipeline,ORG,https://www.reuters.com/world/us/some-us-meat-plants-stop-operating-after-jbs-cyber-attack-2021-06-01/,plant based meat companies in australia
Costco Wholesale Corp,ORG,https://www.reuters.com/world/us/some-us-meat-plants-stop-operating-after-jbs-cyber-attack-2021-06-01/,plant based meat companies in australia
JBS Beef,ORG,https://www.reuters.com/world/us/some-us-meat-plants-stop-operating-after-jbs-cyber-attack-2021-06-01/,plant based meat companies in australia
JBS USA Worthington,ORG,https://www.reuters.com/world/us/some-us-meat-plants-stop-operating-after-jbs-cyber-attack-2021-06-01/,plant based meat companies in australia
JBS Canada,ORG,https://www.reuters.com/world/us/some-us-meat-plants-stop-operating-after-jbs-cyber-attack-2021-06-01/,plant based meat companies in australia
Department of Homeland Security,ORG,https://www.usatoday.com/story/tech/2021/05/31/jbs-cybersecurity-attack-top-meat-supplier/5285566001/,plant based meat companies in australia
Associated Press,ORG,https://www.usatoday.com/story/tech/2021/05/31/jbs-cybersecurity-attack-top-meat-supplier/5285566001/,plant based meat companies in australia
Google Photos,ORG,https://www.usatoday.com/story/tech/2021/05/31/jbs-cybersecurity-attack-top-meat-supplier/5285566001/,plant based meat companies in australia
Incident Response,ORG,https://www.usatoday.com/story/tech/2021/05/31/jbs-cybersecurity-attack-top-meat-supplier/5285566001/,plant based meat companies in australia
The Colonial Pipeline Co.,ORG,https://www.usatoday.com/story/tech/2021/05/31/jbs-cybersecurity-attack-top-meat-supplier/5285566001/,plant based meat companies in australia
R Street Institute,ORG,https://www.usatoday.com/story/tech/2021/05/31/jbs-cybersecurity-attack-top-meat-supplier/5285566001/,plant based meat companies in australia
JBS USA,ORG,https://www.usatoday.com/story/tech/2021/05/31/jbs-cybersecurity-attack-top-meat-supplier/5285566001/,plant based meat companies in australia
Deloitte Access Economics,ORG,https://www.greenqueen.com.hk/australian-plant-based-meat-industry-grew-exponentially-2020-new-report-reveals/,plant based meat companies in australia
Fable Food Co.,ORG,https://www.greenqueen.com.hk/australian-plant-based-meat-industry-grew-exponentially-2020-new-report-reveals/,plant based meat companies in australia
Memphis Meats,ORG,https://www.beefcentral.com/news/synthetic-meat-investor-bill-gates-calls-for-rich-countries-to-eat-only-synthetic-meat/,plant based meat companies in australia
MIT Technology Review,ORG,https://www.beefcentral.com/news/synthetic-meat-investor-bill-gates-calls-for-rich-countries-to-eat-only-synthetic-meat/,plant based meat companies in australia
Hampton Creek Foods,ORG,https://www.beefcentral.com/news/synthetic-meat-investor-bill-gates-calls-for-rich-countries-to-eat-only-synthetic-meat/,plant based meat companies in australia
U.S. News,ORG,https://fortune.com/2021/05/03/tyson-plant-based-meat-beyond-meat-impossible-foods-vegan/,plant based meat companies in australia
Future Foods Initiative,ORG,https://www.foodanddrinkbusiness.com.au/news/industry-report-plant-based-meat-market-in-australia,plant based meat companies in australia
ProForm Foods,ORG,https://www.foodanddrinkbusiness.com.au/news/industry-report-plant-based-meat-market-in-australia,plant based meat companies in australia
EAT-Lancet Commission,ORG,https://www.foodanddrinkbusiness.com.au/news/industry-report-plant-based-meat-market-in-australia,plant based meat companies in australia
Pure Foods Tasmania,ORG,https://www.foodanddrinkbusiness.com.au/news/industry-report-plant-based-meat-market-in-australia,plant based meat companies in australia
Woolworths Group,ORG,https://www.foodanddrinkbusiness.com.au/news/industry-report-plant-based-meat-market-in-australia,plant based meat companies in australia
Unilever Foods & Refreshment Division,ORG,https://www.foodanddrinkbusiness.com.au/news/industry-report-plant-based-meat-market-in-australia,plant based meat companies in australia
Nestlé Australia,ORG,https://www.foodanddrinkbusiness.com.au/news/industry-report-plant-based-meat-market-in-australia,plant based meat companies in australia
Food & Drink Business,ORG,https://www.foodanddrinkbusiness.com.au/news/industry-report-plant-based-meat-market-in-australia,plant based meat companies in australia
Australian Plant Protein,ORG,https://www.foodanddrinkbusiness.com.au/news/industry-report-plant-based-meat-market-in-australia,plant based meat companies in australia
Burger King Sweden,ORG,https://theconversation.com/how-scientists-make-plant-based-foods-taste-and-look-more-like-meat-156839,plant based meat companies in australia
the Dallas Morning News,ORG,https://www.beefcentral.com/news/texas-lapproves-bill-banning-meat-and-beef-from-labels-of-plant-based-foods/,plant based meat companies in australia
The Texas House of Representatives,ORG,https://plantbasednews.org/culture/law-and-politics/australia-launches-senate-inquiry-into-potential-ban-on-plant-based-meat-labels/,plant based meat companies in australia
the EU Parliament,ORG,https://plantbasednews.org/culture/law-and-politics/australia-launches-senate-inquiry-into-potential-ban-on-plant-based-meat-labels/,plant based meat companies in australia
ABC World Asia,ORG,https://techcrunch.com/2021/08/06/australias-v2food-aims-to-expand-its-plant-based-meats-to-europe-and-asia-with-e45m-raise/,plant based meat companies in australia
Blueberry Ventures,ORG,https://www.forbes.com/sites/briankateman/2021/01/19/investors-are-looking-towards-plant-based-food--but-what-are-they-seeing/,plant based meat companies in australia
Veg Capital,ORG,https://www.forbes.com/sites/briankateman/2021/01/19/investors-are-looking-towards-plant-based-food--but-what-are-they-seeing/,plant based meat companies in australia
Bluestein Ventures,ORG,https://www.forbes.com/sites/briankateman/2021/01/19/investors-are-looking-towards-plant-based-food--but-what-are-they-seeing/,plant based meat companies in australia
Blue Horizon Corporation,ORG,https://www.forbes.com/sites/briankateman/2021/01/19/investors-are-looking-towards-plant-based-food--but-what-are-they-seeing/,plant based meat companies in australia
Natural Order Acquisition Corp,ORG,https://www.forbes.com/sites/briankateman/2021/01/19/investors-are-looking-towards-plant-based-food--but-what-are-they-seeing/,plant based meat companies in australia
Stray Dog Capital,ORG,https://www.forbes.com/sites/briankateman/2021/01/19/investors-are-looking-towards-plant-based-food--but-what-are-they-seeing/,plant based meat companies in australia
Tattooed Chef,ORG,https://www.forbes.com/sites/briankateman/2021/01/19/investors-are-looking-towards-plant-based-food--but-what-are-they-seeing/,plant based meat companies in australia
Clear Current Capital,ORG,https://www.forbes.com/sites/briankateman/2021/01/19/investors-are-looking-towards-plant-based-food--but-what-are-they-seeing/,plant based meat companies in australia
Laird Super Food,ORG,https://www.forbes.com/sites/briankateman/2021/01/19/investors-are-looking-towards-plant-based-food--but-what-are-they-seeing/,plant based meat companies in australia
MorningStar Farms MORN,ORG,https://www.forbes.com/sites/greatspeculations/2021/06/03/tyson-kellogg-will-plant-based-meat-stocks-outperform/,plant based meat companies in australia
Tyson Foods TSN,ORG,https://www.forbes.com/sites/greatspeculations/2021/06/03/tyson-kellogg-will-plant-based-meat-stocks-outperform/,plant based meat companies in australia
the Kellogg Company,ORG,https://www.forbes.com/sites/greatspeculations/2021/06/03/tyson-kellogg-will-plant-based-meat-stocks-outperform/,plant based meat companies in australia
Raised & Rooted,ORG,https://www.forbes.com/sites/greatspeculations/2021/06/03/tyson-kellogg-will-plant-based-meat-stocks-outperform/,plant based meat companies in australia
Kellogg K,ORG,https://www.forbes.com/sites/greatspeculations/2021/06/03/tyson-kellogg-will-plant-based-meat-stocks-outperform/,plant based meat companies in australia
Starbucks SBUX,ORG,https://www.cnn.com/2021/04/07/business/plant-based-food-drink-asia-intl-hnk/index.html,plant based meat companies in australia
CNN Business,ORG,https://www.cnn.com/2021/04/07/business/plant-based-food-drink-asia-intl-hnk/index.html,plant based meat companies in australia
Euromonitor International,ORG,https://www.cnn.com/2021/04/07/business/plant-based-food-drink-asia-intl-hnk/index.html,plant based meat companies in australia
Pizza Hut,ORG,https://www.cnn.com/2021/04/07/business/plant-based-food-drink-asia-intl-hnk/index.html,plant based meat companies in australia
Enterprise Singapore,ORG,https://www.cnn.com/2021/04/07/business/plant-based-food-drink-asia-intl-hnk/index.html,plant based meat companies in australia
the Chinese Nutrition Society,ORG,https://www.cnn.com/2021/04/07/business/plant-based-food-drink-asia-intl-hnk/index.html,plant based meat companies in australia
Taco Bell,ORG,https://www.cnn.com/2021/04/07/business/plant-based-food-drink-asia-intl-hnk/index.html,plant based meat companies in australia
Nourish Ingredients,ORG,https://www.fooddive.com/news/vow-and-nourish-team-up-to-make-cell-based-meat-with-animal-free-fat/605544/,plant based meat companies in australia
MorningStar Farms,ORG,https://www.forbes.com/sites/briankateman/2021/04/26/why-near-monopolies-in-plant-based-meat-arent-such-a-bad-thing/,plant based meat companies in australia
The Good Food Institute,ORG,https://www.forbes.com/sites/briankateman/2021/04/26/why-near-monopolies-in-plant-based-meat-arent-such-a-bad-thing/,plant based meat companies in australia
Del Taco,ORG,https://www.forbes.com/sites/briankateman/2021/04/26/why-near-monopolies-in-plant-based-meat-arent-such-a-bad-thing/,plant based meat companies in australia
The New York Times,ORG,https://www.forbes.com/sites/briankateman/2021/04/26/why-near-monopolies-in-plant-based-meat-arent-such-a-bad-thing/,plant based meat companies in australia
Burger King,ORG,https://www.forbes.com/sites/briankateman/2021/04/26/why-near-monopolies-in-plant-based-meat-arent-such-a-bad-thing/,plant based meat companies in australia
the Australian Dietary Guidelines,ORG,https://www.goodfood.com.au/good-health/are-plantbased-meat-alternatives-better-for-you-and-the-environment-20210728-h1xhvw,plant based meat companies in australia
Tyson Foods,ORG,https://www.goodfood.com.au/good-health/are-plantbased-meat-alternatives-better-for-you-and-the-environment-20210728-h1xhvw,plant based meat companies in australia
The Good Nutrition Company,ORG,https://www.goodfood.com.au/good-health/are-plantbased-meat-alternatives-better-for-you-and-the-environment-20210728-h1xhvw,plant based meat companies in australia
Sydney butchery Feather and Bone,ORG,https://www.goodfood.com.au/good-health/are-plantbased-meat-alternatives-better-for-you-and-the-environment-20210728-h1xhvw,plant based meat companies in australia
Callan Boys,ORG,https://www.goodfood.com.au/good-health/are-plantbased-meat-alternatives-better-for-you-and-the-environment-20210728-h1xhvw,plant based meat companies in australia
Day One Ventures,ORG,https://www.forbes.com/sites/douglasyu/2021/06/08/reddit-cofounder-alexis-ohanian-leads-50-million-series-b-funding-in-plant-based-meat-startup-simulate/,plant based meat companies in australia
Imaginary Ventures,ORG,https://www.forbes.com/sites/douglasyu/2021/06/08/reddit-cofounder-alexis-ohanian-leads-50-million-series-b-funding-in-plant-based-meat-startup-simulate/,plant based meat companies in australia
Whole Foods WFM,ORG,https://www.forbes.com/sites/douglasyu/2021/06/08/reddit-cofounder-alexis-ohanian-leads-50-million-series-b-funding-in-plant-based-meat-startup-simulate/,plant based meat companies in australia
NOMO Ventures,ORG,https://www.forbes.com/sites/douglasyu/2021/06/08/reddit-cofounder-alexis-ohanian-leads-50-million-series-b-funding-in-plant-based-meat-startup-simulate/,plant based meat companies in australia
Target TGT,ORG,https://www.forbes.com/sites/douglasyu/2021/06/08/reddit-cofounder-alexis-ohanian-leads-50-million-series-b-funding-in-plant-based-meat-startup-simulate/,plant based meat companies in australia
Eclipse Foods,ORG,https://www.forbes.com/sites/douglasyu/2021/06/08/reddit-cofounder-alexis-ohanian-leads-50-million-series-b-funding-in-plant-based-meat-startup-simulate/,plant based meat companies in australia
Chris and Crystal Sacca,ORG,https://www.forbes.com/sites/douglasyu/2021/06/08/reddit-cofounder-alexis-ohanian-leads-50-million-series-b-funding-in-plant-based-meat-startup-simulate/,plant based meat companies in australia
Walmart WMT,ORG,https://www.forbes.com/sites/douglasyu/2021/06/08/reddit-cofounder-alexis-ohanian-leads-50-million-series-b-funding-in-plant-based-meat-startup-simulate/,plant based meat companies in australia
McCain Foods,ORG,https://www.forbes.com/sites/douglasyu/2021/06/08/reddit-cofounder-alexis-ohanian-leads-50-million-series-b-funding-in-plant-based-meat-startup-simulate/,plant based meat companies in australia
Tufts University,ORG,https://theconversation.com/lab-grown-and-plant-based-meat-the-science-psychology-and-future-of-meat-alternatives-podcast-164441,plant based meat companies in australia
Universitas Dian Nuswantoro,ORG,https://theconversation.com/lab-grown-and-plant-based-meat-the-science-psychology-and-future-of-meat-alternatives-podcast-164441,plant based meat companies in australia
Al Jazeera,ORG,https://theconversation.com/lab-grown-and-plant-based-meat-the-science-psychology-and-future-of-meat-alternatives-podcast-164441,plant based meat companies in australia
The Conversation,ORG,https://theconversation.com/lab-grown-and-plant-based-meat-the-science-psychology-and-future-of-meat-alternatives-podcast-164441,plant based meat companies in australia
Yale University,ORG,https://theconversation.com/lab-grown-and-plant-based-meat-the-science-psychology-and-future-of-meat-alternatives-podcast-164441,plant based meat companies in australia
Bloomberg Food Frontier,ORG,https://www.smh.com.au/business/companies/plant-based-meat-sales-are-soaring-but-experts-warn-it-may-not-be-better-for-you-or-the-environment-20210317-p57bi2.html,plant based meat companies in australia
the Heart Foundation,ORG,https://www.smh.com.au/business/companies/plant-based-meat-sales-are-soaring-but-experts-warn-it-may-not-be-better-for-you-or-the-environment-20210317-p57bi2.html,plant based meat companies in australia
the Future of Food,ORG,https://www.smh.com.au/business/companies/plant-based-meat-sales-are-soaring-but-experts-warn-it-may-not-be-better-for-you-or-the-environment-20210317-p57bi2.html,plant based meat companies in australia
The Oxford Martin Programme,ORG,https://www.smh.com.au/business/companies/plant-based-meat-sales-are-soaring-but-experts-warn-it-may-not-be-better-for-you-or-the-environment-20210317-p57bi2.html,plant based meat companies in australia
the George Institute for Global Health,ORG,https://www.smh.com.au/business/companies/plant-based-meat-sales-are-soaring-but-experts-warn-it-may-not-be-better-for-you-or-the-environment-20210317-p57bi2.html,plant based meat companies in australia
Sydney University,ORG,https://www.smh.com.au/business/companies/plant-based-meat-sales-are-soaring-but-experts-warn-it-may-not-be-better-for-you-or-the-environment-20210317-p57bi2.html,plant based meat companies in australia
the Oxford Martin Programme,ORG,https://www.smh.com.au/business/companies/plant-based-meat-sales-are-soaring-but-experts-warn-it-may-not-be-better-for-you-or-the-environment-20210317-p57bi2.html,plant based meat companies in australia
Clara Foods,ORG,https://www.smh.com.au/business/companies/plant-based-meat-sales-are-soaring-but-experts-warn-it-may-not-be-better-for-you-or-the-environment-20210317-p57bi2.html,plant based meat companies in australia
The Kraft Vegan Mac & Cheese,ORG,https://thebeet.com/krafts-blue-box-mac-cheese-just-got-a-vegan-makeover/,plant based meat companies in australia
New Culture,ORG,https://thebeet.com/krafts-blue-box-mac-cheese-just-got-a-vegan-makeover/,plant based meat companies in australia
the Vegan Mac & Cheese,ORG,https://thebeet.com/krafts-blue-box-mac-cheese-just-got-a-vegan-makeover/,plant based meat companies in australia
Kraft Macaroni,ORG,https://thebeet.com/krafts-blue-box-mac-cheese-just-got-a-vegan-makeover/,plant based meat companies in australia
Bean Meanz Heinz,ORG,https://thebeet.com/krafts-blue-box-mac-cheese-just-got-a-vegan-makeover/,plant based meat companies in australia
The Checkout,ORG,https://thebeet.com/krafts-blue-box-mac-cheese-just-got-a-vegan-makeover/,plant based meat companies in australia
Kraft Heinz,ORG,https://thebeet.com/krafts-blue-box-mac-cheese-just-got-a-vegan-makeover/,plant based meat companies in australia
Kraft Heinz Ireland,ORG,https://thebeet.com/krafts-blue-box-mac-cheese-just-got-a-vegan-makeover/,plant based meat companies in australia
Orange Chicken,ORG,https://plantbasednews.org/lifestyle/food/panda-express-vegan-orange-chicken-beyond-meat/,plant based meat companies in australia
Panda Express,ORG,https://plantbasednews.org/lifestyle/food/panda-express-vegan-orange-chicken-beyond-meat/,plant based meat companies in australia
Eden Brew,ORG,https://www.theguardian.com/food/2021/sep/11/how-the-sausage-gets-made-the-serious-business-of-fake-meat,plant based meat companies in australia
Fable Food Co,ORG,https://www.theguardian.com/food/2021/sep/11/how-the-sausage-gets-made-the-serious-business-of-fake-meat,plant based meat companies in australia
Norfolk Foods,ORG,https://www.theguardian.com/food/2021/sep/11/how-the-sausage-gets-made-the-serious-business-of-fake-meat,plant based meat companies in australia
Rogue Foods,ORG,https://www.theguardian.com/food/2021/sep/11/how-the-sausage-gets-made-the-serious-business-of-fake-meat,plant based meat companies in australia
Professional Vegan Bacon-ifier,ORG,https://vegnews.com/2021/7/worlds-first-vegan-meat-sommelier,plant based meat companies in australia
Raging Pig Co,ORG,https://vegnews.com/2021/7/worlds-first-vegan-meat-sommelier,plant based meat companies in australia
The Vegan Meat Sommelier,ORG,https://vegnews.com/2021/7/worlds-first-vegan-meat-sommelier,plant based meat companies in australia
the World Health Organisation,ORG,https://www.businessinsider.com/david-yeung-turning-asia-vegan-raised-70-million-funding-interview-2021-3,plant based meat companies in australia
Green Common,ORG,https://www.businessinsider.com/david-yeung-turning-asia-vegan-raised-70-million-funding-interview-2021-3,plant based meat companies in australia
Beyond Burger,ORG,https://www.businessinsider.com/david-yeung-turning-asia-vegan-raised-70-million-funding-interview-2021-3,plant based meat companies in australia
Bite Society,ORG,https://www.businessinsider.com/david-yeung-turning-asia-vegan-raised-70-million-funding-interview-2021-3,plant based meat companies in australia
Califia Almond Milk,ORG,https://www.businessinsider.com/david-yeung-turning-asia-vegan-raised-70-million-funding-interview-2021-3,plant based meat companies in australia
Green Monday,ORG,https://www.businessinsider.com/david-yeung-turning-asia-vegan-raised-70-million-funding-interview-2021-3,plant based meat companies in australia
Whole Foods,ORG,https://www.businessinsider.com/david-yeung-turning-asia-vegan-raised-70-million-funding-interview-2021-3,plant based meat companies in australia
OmniMeat Crystal Dumplings,ORG,https://www.businessinsider.com/david-yeung-turning-asia-vegan-raised-70-million-funding-interview-2021-3,plant based meat companies in australia
the Alternative Protein Council,ORG,https://www.foodnavigator-asia.com/Article/2021/04/26/Exporting-hurdle-Australian-plant-based-meat-firms-need-to-overcome-production-and-format-challenges-to-drive-down-prices,plant based meat companies in australia
Brand Australia,ORG,https://www.foodnavigator-asia.com/Article/2021/04/26/Exporting-hurdle-Australian-plant-based-meat-firms-need-to-overcome-production-and-format-challenges-to-drive-down-prices,plant based meat companies in australia
Nestle Australia,ORG,https://www.foodnavigator-asia.com/Article/2021/04/26/Exporting-hurdle-Australian-plant-based-meat-firms-need-to-overcome-production-and-format-challenges-to-drive-down-prices,plant based meat companies in australia
Food Frontier,ORG,https://www.foodnavigator-asia.com/Article/2021/04/26/Exporting-hurdle-Australian-plant-based-meat-firms-need-to-overcome-production-and-format-challenges-to-drive-down-prices,plant based meat companies in australia
Fenn Foods,ORG,https://www.foodnavigator-asia.com/Article/2021/04/26/Exporting-hurdle-Australian-plant-based-meat-firms-need-to-overcome-production-and-format-challenges-to-drive-down-prices,plant based meat companies in australia
Australian Meat Industry Council,ORG,https://www.beefcentral.com/news/meat-and-alternative-protein-goups-respond-to-senate-inquiry-into-definitions-of-meat/,plant based meat companies in australia
The Alternative Proteins Council,ORG,https://www.beefcentral.com/news/meat-and-alternative-protein-goups-respond-to-senate-inquiry-into-definitions-of-meat/,plant based meat companies in australia
the Senate Inquiry,ORG,https://www.beefcentral.com/news/meat-and-alternative-protein-goups-respond-to-senate-inquiry-into-definitions-of-meat/,plant based meat companies in australia
The Australian Meat Industry Council,ORG,https://www.beefcentral.com/news/meat-and-alternative-protein-goups-respond-to-senate-inquiry-into-definitions-of-meat/,plant based meat companies in australia
Cattle Council,ORG,https://www.beefcentral.com/news/meat-and-alternative-protein-goups-respond-to-senate-inquiry-into-definitions-of-meat/,plant based meat companies in australia
Horizons Ventures,ORG,https://techcrunch.com/2021/03/25/while-other-startups-develop-alt-proteins-for-meat-replacement-nourish-ingredients-focuses-on-fat/,plant based meat companies in australia
Impossible Foods,ORG,https://techcrunch.com/2021/03/25/while-other-startups-develop-alt-proteins-for-meat-replacement-nourish-ingredients-focuses-on-fat/,plant based meat companies in australia
Main Sequence Ventures,ORG,https://techcrunch.com/2021/03/25/while-other-startups-develop-alt-proteins-for-meat-replacement-nourish-ingredients-focuses-on-fat/,plant based meat companies in australia
the Commonwealth Scientific and Industrial Research Organisation,ORG,https://techcrunch.com/2021/03/25/while-other-startups-develop-alt-proteins-for-meat-replacement-nourish-ingredients-focuses-on-fat/,plant based meat companies in australia
Beyond Meat,ORG,https://techcrunch.com/2021/03/25/while-other-startups-develop-alt-proteins-for-meat-replacement-nourish-ingredients-focuses-on-fat/,plant based meat companies in australia
AtLast . Fox,,https://techcrunch.com/2021/08/11/mushroom-based-meat-alternative-startup-fable-food-raises-6-5m-aud-will-launch-in-the-u-s/,plant based meat companies in australia
"Shoes of Prey . Fox , Fable ’",,https://techcrunch.com/2021/08/11/mushroom-based-meat-alternative-startup-fable-food-raises-6-5m-aud-will-launch-in-the-u-s/,plant based meat companies in australia
Coles and Harris Farm Markets,,https://techcrunch.com/2021/08/11/mushroom-based-meat-alternative-startup-fable-food-raises-6-5m-aud-will-launch-in-the-u-s/,plant based meat companies in australia
Warren Hogarth . Fable,,https://techcrunch.com/2021/08/11/mushroom-based-meat-alternative-startup-fable-food-raises-6-5m-aud-will-launch-in-the-u-s/,plant based meat companies in australia
SafetyCulture ’,,https://techcrunch.com/2021/08/11/mushroom-based-meat-alternative-startup-fable-food-raises-6-5m-aud-will-launch-in-the-u-s/,plant based meat companies in australia
Co-founder Fox,,https://www.greenqueen.com.hk/fable-vegan-mushroom-meat-funding/,plant based meat companies in australia
Ready Meal Products Speaking,,https://www.greenqueen.com.hk/fable-vegan-mushroom-meat-funding/,plant based meat companies in australia
Grill ’,,https://www.greenqueen.com.hk/fable-vegan-mushroom-meat-funding/,plant based meat companies in australia
Michelin-starred Heston Blumenthal,,https://www.greenqueen.com.hk/fable-vegan-mushroom-meat-funding/,plant based meat companies in australia
Fable Food Co ’,,https://www.greenqueen.com.hk/fable-vegan-mushroom-meat-funding/,plant based meat companies in australia
Fable ’,,https://www.greenqueen.com.hk/fable-vegan-mushroom-meat-funding/,plant based meat companies in australia
Blackbird Ventures ’,,https://www.greenqueen.com.hk/fable-vegan-mushroom-meat-funding/,plant based meat companies in australia
Mushroom Meat Minimally-processed,,https://www.greenqueen.com.hk/fable-vegan-mushroom-meat-funding/,plant based meat companies in australia
JBS USA . With North American,,https://www.reuters.com/world/us/some-us-meat-plants-stop-operating-after-jbs-cyber-attack-2021-06-01/,plant based meat companies in australia
REUTERS/Bing Guan Read More The USDA,,https://www.reuters.com/world/us/some-us-meat-plants-stop-operating-after-jbs-cyber-attack-2021-06-01/,plant based meat companies in australia
JBS SA ( JBSS3.SA,,https://www.reuters.com/world/us/some-us-meat-plants-stop-operating-after-jbs-cyber-attack-2021-06-01/,plant based meat companies in australia
The United States Cattlemen 's Association,,https://www.reuters.com/world/us/some-us-meat-plants-stop-operating-after-jbs-cyber-attack-2021-06-01/,plant based meat companies in australia
Pilgrim 's Pride Co ( PPC.O,,https://www.reuters.com/world/us/some-us-meat-plants-stop-operating-after-jbs-cyber-attack-2021-06-01/,plant based meat companies in australia
Reuters ) - Brazil ’,,https://www.reuters.com/world/us/some-us-meat-plants-stop-operating-after-jbs-cyber-attack-2021-06-01/,plant based meat companies in australia
the U.S. Department of Agriculture . Pork,,https://www.reuters.com/world/us/some-us-meat-plants-stop-operating-after-jbs-cyber-attack-2021-06-01/,plant based meat companies in australia
Chizu Nomiyama Our Standards : The Thomson Reuters Trust Principles,,https://www.reuters.com/world/us/some-us-meat-plants-stop-operating-after-jbs-cyber-attack-2021-06-01/,plant based meat companies in australia
Emerging Threats,,https://www.usatoday.com/story/tech/2021/05/31/jbs-cybersecurity-attack-top-meat-supplier/5285566001/,plant based meat companies in australia
United Food and Commercial Workers Local 401 . JBS,,https://www.usatoday.com/story/tech/2021/05/31/jbs-cybersecurity-attack-top-meat-supplier/5285566001/,plant based meat companies in australia
USA TODAY Follow USA TODAY,,https://www.usatoday.com/story/tech/2021/05/31/jbs-cybersecurity-attack-top-meat-supplier/5285566001/,plant based meat companies in australia
Australia Show Caption Hide Caption Global,,https://www.usatoday.com/story/tech/2021/05/31/jbs-cybersecurity-attack-top-meat-supplier/5285566001/,plant based meat companies in australia
AP UPDATE,,https://www.usatoday.com/story/tech/2021/05/31/jbs-cybersecurity-attack-top-meat-supplier/5285566001/,plant based meat companies in australia
COVID-19 Google Photos,,https://www.usatoday.com/story/tech/2021/05/31/jbs-cybersecurity-attack-top-meat-supplier/5285566001/,plant based meat companies in australia
Sydney-based ProForm Foods,,https://www.greenqueen.com.hk/australian-plant-based-meat-industry-grew-exponentially-2020-new-report-reveals/,plant based meat companies in australia
Food Frontier However,,https://www.greenqueen.com.hk/australian-plant-based-meat-industry-grew-exponentially-2020-new-report-reveals/,plant based meat companies in australia
ProForm Foods ) To,,https://www.greenqueen.com.hk/australian-plant-based-meat-industry-grew-exponentially-2020-new-report-reveals/,plant based meat companies in australia
Food Frontier Pizza,,https://www.greenqueen.com.hk/australian-plant-based-meat-industry-grew-exponentially-2020-new-report-reveals/,plant based meat companies in australia
Fenn Foods ’,,https://www.greenqueen.com.hk/australian-plant-based-meat-industry-grew-exponentially-2020-new-report-reveals/,plant based meat companies in australia
Good Food Institute ) &,,https://www.beefcentral.com/news/synthetic-meat-investor-bill-gates-calls-for-rich-countries-to-eat-only-synthetic-meat/,plant based meat companies in australia
Also… Never,,https://www.beefcentral.com/news/synthetic-meat-investor-bill-gates-calls-for-rich-countries-to-eat-only-synthetic-meat/,plant based meat companies in australia
NCBA ’ s Beltway Beef,,https://www.beefcentral.com/news/synthetic-meat-investor-bill-gates-calls-for-rich-countries-to-eat-only-synthetic-meat/,plant based meat companies in australia
ProForm Food 's,,https://www.foodanddrinkbusiness.com.au/news/industry-report-plant-based-meat-market-in-australia,plant based meat companies in australia
Pure Foods Tasmania ’,,https://www.foodanddrinkbusiness.com.au/news/industry-report-plant-based-meat-market-in-australia,plant based meat companies in australia
"ProForm Foods , v2food",,https://www.foodanddrinkbusiness.com.au/news/industry-report-plant-based-meat-market-in-australia,plant based meat companies in australia
the EAT Group ’,,https://www.foodanddrinkbusiness.com.au/news/industry-report-plant-based-meat-market-in-australia,plant based meat companies in australia
Deloitte ’,,https://www.foodanddrinkbusiness.com.au/news/industry-report-plant-based-meat-market-in-australia,plant based meat companies in australia
Cooper ’,,https://www.foodanddrinkbusiness.com.au/news/industry-report-plant-based-meat-market-in-australia,plant based meat companies in australia
FY20 . Employment,,https://www.foodanddrinkbusiness.com.au/news/industry-report-plant-based-meat-market-in-australia,plant based meat companies in australia
State of the Industry : Australia,,https://www.businessnewsaustralia.com/articles/australian-plant-based-meat-demand-surges.html,plant based meat companies in australia
King . Globally,,https://www.businessnewsaustralia.com/articles/australian-plant-based-meat-demand-surges.html,plant based meat companies in australia
According to Food Frontier,,https://www.businessnewsaustralia.com/articles/australian-plant-based-meat-demand-surges.html,plant based meat companies in australia
Plant-Based Meat Sector ',,https://www.businessnewsaustralia.com/articles/australian-plant-based-meat-demand-surges.html,plant based meat companies in australia
Burger King ’,,https://theconversation.com/how-scientists-make-plant-based-foods-taste-and-look-more-like-meat-156839,plant based meat companies in australia
the Beyond Burger,,https://theconversation.com/how-scientists-make-plant-based-foods-taste-and-look-more-like-meat-156839,plant based meat companies in australia
Cornell University,,https://plantbasednews.org/culture/law-and-politics/australia-launches-senate-inquiry-into-potential-ban-on-plant-based-meat-labels/,plant based meat companies in australia
Pepsi 's,,https://www.cnn.com/2021/01/26/business/pepsi-beyond-meat-joint-venture/index.html,plant based meat companies in australia
Beyond Meat BYND,,https://www.cnn.com/2021/01/26/business/pepsi-beyond-meat-joint-venture/index.html,plant based meat companies in australia
R & D,,https://techcrunch.com/2021/08/06/australias-v2food-aims-to-expand-its-plant-based-meats-to-europe-and-asia-with-e45m-raise/,plant based meat companies in australia
"Huaxing Growth Capitol Fund , Main Sequence",,https://techcrunch.com/2021/08/06/australias-v2food-aims-to-expand-its-plant-based-meats-to-europe-and-asia-with-e45m-raise/,plant based meat companies in australia
PepsiCo R &,,https://techcrunch.com/2021/08/06/australias-v2food-aims-to-expand-its-plant-based-meats-to-europe-and-asia-with-e45m-raise/,plant based meat companies in australia
the Impossible Whopper,,https://www.forbes.com/sites/briankateman/2021/01/19/investors-are-looking-towards-plant-based-food--but-what-are-they-seeing/,plant based meat companies in australia
Gen Z,,https://www.forbes.com/sites/briankateman/2021/01/19/investors-are-looking-towards-plant-based-food--but-what-are-they-seeing/,plant based meat companies in australia
McDonald ’,,https://www.forbes.com/sites/briankateman/2021/01/19/investors-are-looking-towards-plant-based-food--but-what-are-they-seeing/,plant based meat companies in australia
Sebastiano Cossia Castiglioni,,https://www.forbes.com/sites/briankateman/2021/01/19/investors-are-looking-towards-plant-based-food--but-what-are-they-seeing/,plant based meat companies in australia
Beyond Meat ’,,https://www.forbes.com/sites/briankateman/2021/01/19/investors-are-looking-towards-plant-based-food--but-what-are-they-seeing/,plant based meat companies in australia
Getty Images The,,https://www.forbes.com/sites/briankateman/2021/01/19/investors-are-looking-towards-plant-based-food--but-what-are-they-seeing/,plant based meat companies in australia
Trefis Featured Analyses,,https://www.forbes.com/sites/greatspeculations/2021/06/03/tyson-kellogg-will-plant-based-meat-stocks-outperform/,plant based meat companies in australia
Plant-Based Meat Stocks,,https://www.forbes.com/sites/greatspeculations/2021/06/03/tyson-kellogg-will-plant-based-meat-stocks-outperform/,plant based meat companies in australia
Stock Price Trefis INGR Kellogg,,https://www.forbes.com/sites/greatspeculations/2021/06/03/tyson-kellogg-will-plant-based-meat-stocks-outperform/,plant based meat companies in australia
Rafael Henrique/SOPA Images/LightRocket,,https://www.forbes.com/sites/greatspeculations/2021/06/03/tyson-kellogg-will-plant-based-meat-stocks-outperform/,plant based meat companies in australia
the S & P . Although,,https://www.forbes.com/sites/greatspeculations/2021/06/03/tyson-kellogg-will-plant-based-meat-stocks-outperform/,plant based meat companies in australia
Getty Images ) SOPA Images/LightRocket,,https://www.forbes.com/sites/greatspeculations/2021/06/03/tyson-kellogg-will-plant-based-meat-stocks-outperform/,plant based meat companies in australia
Download Trefis Data,,https://www.forbes.com/sites/greatspeculations/2021/06/03/tyson-kellogg-will-plant-based-meat-stocks-outperform/,plant based meat companies in australia
Jimmy Dean,,https://www.forbes.com/sites/greatspeculations/2021/06/03/tyson-kellogg-will-plant-based-meat-stocks-outperform/,plant based meat companies in australia
the S & P,,https://www.forbes.com/sites/greatspeculations/2021/06/03/tyson-kellogg-will-plant-based-meat-stocks-outperform/,plant based meat companies in australia
Getty Images Our,,https://www.forbes.com/sites/greatspeculations/2021/06/03/tyson-kellogg-will-plant-based-meat-stocks-outperform/,plant based meat companies in australia
Nestlé Plant-based,,https://www.cnn.com/2021/04/07/business/plant-based-food-drink-asia-intl-hnk/index.html,plant based meat companies in australia
Cafe Siam,,https://www.cnn.com/2021/04/07/business/plant-based-food-drink-asia-intl-hnk/index.html,plant based meat companies in australia
CNN Business . Starting,,https://www.cnn.com/2021/04/07/business/plant-based-food-drink-asia-intl-hnk/index.html,plant based meat companies in australia
Alibaba BABA Yum China YUMC Beyond Meat,,https://www.cnn.com/2021/04/07/business/plant-based-food-drink-asia-intl-hnk/index.html,plant based meat companies in australia
CNN Business . Plant-based,,https://www.cnn.com/2021/04/07/business/plant-based-food-drink-asia-intl-hnk/index.html,plant based meat companies in australia
The Wall Street Journal . You,,https://www.wsj.com/articles/jbs-paid-11-million-to-resolve-ransomware-attack-11623280781,plant based meat companies in australia
Customer Service . You,,https://www.wsj.com/articles/jbs-paid-11-million-to-resolve-ransomware-attack-11623280781,plant based meat companies in australia
The Good Food Institute . However,,https://www.fooddive.com/news/vow-and-nourish-team-up-to-make-cell-based-meat-with-animal-free-fat/605544/,plant based meat companies in australia
Eat Just 's,,https://www.fooddive.com/news/vow-and-nourish-team-up-to-make-cell-based-meat-with-animal-free-fat/605544/,plant based meat companies in australia
Peace of Meat,,https://www.fooddive.com/news/vow-and-nourish-team-up-to-make-cell-based-meat-with-animal-free-fat/605544/,plant based meat companies in australia
The Guardian,,https://www.forbes.com/sites/briankateman/2021/04/26/why-near-monopolies-in-plant-based-meat-arent-such-a-bad-thing/,plant based meat companies in australia
Foreign Policy,,https://www.forbes.com/sites/briankateman/2021/04/26/why-near-monopolies-in-plant-based-meat-arent-such-a-bad-thing/,plant based meat companies in australia
As Breakthrough Institute 's,,https://www.forbes.com/sites/briankateman/2021/04/26/why-near-monopolies-in-plant-based-meat-arent-such-a-bad-thing/,plant based meat companies in australia
GFI Executive,,https://www.forbes.com/sites/briankateman/2021/04/26/why-near-monopolies-in-plant-based-meat-arent-such-a-bad-thing/,plant based meat companies in australia
Getty Images Few,,https://www.forbes.com/sites/briankateman/2021/04/26/why-near-monopolies-in-plant-based-meat-arent-such-a-bad-thing/,plant based meat companies in australia
Deloitte Access Economics .,,https://www.goodfood.com.au/good-health/are-plantbased-meat-alternatives-better-for-you-and-the-environment-20210728-h1xhvw,plant based meat companies in australia
Deakin University .,,https://www.goodfood.com.au/good-health/are-plantbased-meat-alternatives-better-for-you-and-the-environment-20210728-h1xhvw,plant based meat companies in australia
iStock A DIETITIAN 'S,,https://www.goodfood.com.au/good-health/are-plantbased-meat-alternatives-better-for-you-and-the-environment-20210728-h1xhvw,plant based meat companies in australia
Hungry Jacks ',,https://www.goodfood.com.au/good-health/are-plantbased-meat-alternatives-better-for-you-and-the-environment-20210728-h1xhvw,plant based meat companies in australia
Sam ’ s Club,,https://www.forbes.com/sites/douglasyu/2021/06/08/reddit-cofounder-alexis-ohanian-leads-50-million-series-b-funding-in-plant-based-meat-startup-simulate/,plant based meat companies in australia
SIMULATE The Intersection Of Nutrition And Technology Pasternak,,https://www.forbes.com/sites/douglasyu/2021/06/08/reddit-cofounder-alexis-ohanian-leads-50-million-series-b-funding-in-plant-based-meat-startup-simulate/,plant based meat companies in australia
Romina Hendlin Reddit ’,,https://www.forbes.com/sites/douglasyu/2021/06/08/reddit-cofounder-alexis-ohanian-leads-50-million-series-b-funding-in-plant-based-meat-startup-simulate/,plant based meat companies in australia
McDonald ’ s MCD,,https://www.forbes.com/sites/douglasyu/2021/06/08/reddit-cofounder-alexis-ohanian-leads-50-million-series-b-funding-in-plant-based-meat-startup-simulate/,plant based meat companies in australia
Beyond Meat and Impossible Foods,,https://theconversation.com/lab-grown-and-plant-based-meat-the-science-psychology-and-future-of-meat-alternatives-podcast-164441,plant based meat companies in australia
the Centre for Culinary Innovation,,https://theconversation.com/lab-grown-and-plant-based-meat-the-science-psychology-and-future-of-meat-alternatives-podcast-164441,plant based meat companies in australia
Twitter @ TC_Audio,,https://theconversation.com/lab-grown-and-plant-based-meat-the-science-psychology-and-future-of-meat-alternatives-podcast-164441,plant based meat companies in australia
The Conversation Weekly,,https://theconversation.com/lab-grown-and-plant-based-meat-the-science-psychology-and-future-of-meat-alternatives-podcast-164441,plant based meat companies in australia
The Conversation ’,,https://theconversation.com/lab-grown-and-plant-based-meat-the-science-psychology-and-future-of-meat-alternatives-podcast-164441,plant based meat companies in australia
Northern Alberta Institute of Technology,,https://theconversation.com/lab-grown-and-plant-based-meat-the-science-psychology-and-future-of-meat-alternatives-podcast-164441,plant based meat companies in australia
V2Foods . Loading,,https://www.smh.com.au/business/companies/plant-based-meat-sales-are-soaring-but-experts-warn-it-may-not-be-better-for-you-or-the-environment-20210317-p57bi2.html,plant based meat companies in australia
16-week Springboard Brands,,https://thebeet.com/krafts-blue-box-mac-cheese-just-got-a-vegan-makeover/,plant based meat companies in australia
Silicon Valley-based company New Culture,,https://thebeet.com/krafts-blue-box-mac-cheese-just-got-a-vegan-makeover/,plant based meat companies in australia
the Original Orange Chicken,,https://plantbasednews.org/lifestyle/food/panda-express-vegan-orange-chicken-beyond-meat/,plant based meat companies in australia
Beyond Meat Beyond Meat,,https://plantbasednews.org/lifestyle/food/panda-express-vegan-orange-chicken-beyond-meat/,plant based meat companies in australia
Vegan Orange Chicken Whilst Panda Express,,https://plantbasednews.org/lifestyle/food/panda-express-vegan-orange-chicken-beyond-meat/,plant based meat companies in australia
Beyond Meat 's,,https://www.fool.com/investing/2021/06/07/why-beyond-meat-is-rallying-5-higher-today/,plant based meat companies in australia
Shares of Beyond Meat,,https://www.fool.com/investing/2021/06/07/why-beyond-meat-is-rallying-5-higher-today/,plant based meat companies in australia
Patrick Stevenson/Vow Foods Vow Foods,,https://www.theguardian.com/food/2021/sep/11/how-the-sausage-gets-made-the-serious-business-of-fake-meat,plant based meat companies in australia
thinktank Food Frontier,,https://www.theguardian.com/food/2021/sep/11/how-the-sausage-gets-made-the-serious-business-of-fake-meat,plant based meat companies in australia
Meat and Livestock Australia,,https://www.theguardian.com/food/2021/sep/11/how-the-sausage-gets-made-the-serious-business-of-fake-meat,plant based meat companies in australia
Nando ’ s and Grill ’,,https://www.theguardian.com/food/2021/sep/11/how-the-sausage-gets-made-the-serious-business-of-fake-meat,plant based meat companies in australia
Getty Images In,,https://www.theguardian.com/food/2021/sep/11/how-the-sausage-gets-made-the-serious-business-of-fake-meat,plant based meat companies in australia
A Hungry Jack ’,,https://www.theguardian.com/food/2021/sep/11/how-the-sausage-gets-made-the-serious-business-of-fake-meat,plant based meat companies in australia
Vow Foods ’,,https://www.theguardian.com/food/2021/sep/11/how-the-sausage-gets-made-the-serious-business-of-fake-meat,plant based meat companies in australia
Double Bay . Grocery,,https://www.theguardian.com/food/2021/sep/11/how-the-sausage-gets-made-the-serious-business-of-fake-meat,plant based meat companies in australia
Vegan Meat Sommelier,,https://vegnews.com/2021/7/worlds-first-vegan-meat-sommelier,plant based meat companies in australia
"Clayton , Dubilier & Rice",,https://www.foodingredientsfirst.com/news/bunge-invests-au457m-to-boost-next-phase-of-australian-plant-based-growth.html,plant based meat companies in australia
Green Common / Provided Yeung,,https://www.businessinsider.com/david-yeung-turning-asia-vegan-raised-70-million-funding-interview-2021-3,plant based meat companies in australia
a World Economic Forum Social Entrepreneur,,https://www.businessinsider.com/david-yeung-turning-asia-vegan-raised-70-million-funding-interview-2021-3,plant based meat companies in australia
Social Entrepreneur .,,https://www.businessinsider.com/david-yeung-turning-asia-vegan-raised-70-million-funding-interview-2021-3,plant based meat companies in australia
The World Economic Forum 's,,https://www.businessinsider.com/david-yeung-turning-asia-vegan-raised-70-million-funding-interview-2021-3,plant based meat companies in australia
Terms of Service and Privacy Policy,,https://www.businessinsider.com/david-yeung-turning-asia-vegan-raised-70-million-funding-interview-2021-3,plant based meat companies in australia
McDonald 's,,https://www.businessinsider.com/david-yeung-turning-asia-vegan-raised-70-million-funding-interview-2021-3,plant based meat companies in australia
The Whole Foods,,https://www.businessinsider.com/david-yeung-turning-asia-vegan-raised-70-million-funding-interview-2021-3,plant based meat companies in australia
Series A,,https://www.businessinsider.com/david-yeung-turning-asia-vegan-raised-70-million-funding-interview-2021-3,plant based meat companies in australia
Brand Australia ’,,https://www.foodnavigator-asia.com/Article/2021/04/26/Exporting-hurdle-Australian-plant-based-meat-firms-need-to-overcome-production-and-format-challenges-to-drive-down-prices,plant based meat companies in australia
Food Frontier ’,,https://www.foodnavigator-asia.com/Article/2021/04/26/Exporting-hurdle-Australian-plant-based-meat-firms-need-to-overcome-production-and-format-challenges-to-drive-down-prices,plant based meat companies in australia
Alternative Proteins Council The Alternative Proteins Council ( APC,,https://www.beefcentral.com/news/meat-and-alternative-protein-goups-respond-to-senate-inquiry-into-definitions-of-meat/,plant based meat companies in australia
Cattle Council of Australia Cattle Council of Australia,,https://www.beefcentral.com/news/meat-and-alternative-protein-goups-respond-to-senate-inquiry-into-definitions-of-meat/,plant based meat companies in australia
Senate Inquiry into Definitions of Meat and Other Animal Products,,https://www.beefcentral.com/news/meat-and-alternative-protein-goups-respond-to-senate-inquiry-into-definitions-of-meat/,plant based meat companies in australia
Committee ’,,https://www.beefcentral.com/news/meat-and-alternative-protein-goups-respond-to-senate-inquiry-into-definitions-of-meat/,plant based meat companies in australia
the Commonwealth Government,,https://www.beefcentral.com/news/meat-and-alternative-protein-goups-respond-to-senate-inquiry-into-definitions-of-meat/,plant based meat companies in australia
AMIC ’,,https://www.beefcentral.com/news/meat-and-alternative-protein-goups-respond-to-senate-inquiry-into-definitions-of-meat/,plant based meat companies in australia
The Inquiry,,https://www.beefcentral.com/news/meat-and-alternative-protein-goups-respond-to-senate-inquiry-into-definitions-of-meat/,plant based meat companies in australia
Enter Nourish Ingredients,,https://techcrunch.com/2021/03/25/while-other-startups-develop-alt-proteins-for-meat-replacement-nourish-ingredients-focuses-on-fat/,plant based meat companies in australia
Australia-based company,,https://techcrunch.com/2021/03/25/while-other-startups-develop-alt-proteins-for-meat-replacement-nourish-ingredients-focuses-on-fat/,plant based meat companies in australia
Canva,ORG,https://techcrunch.com/2021/08/11/mushroom-based-meat-alternative-startup-fable-food-raises-6-5m-aud-will-launch-in-the-u-s/,plant based meat companies in australia
Harris Farm Markets,ORG,https://techcrunch.com/2021/08/11/mushroom-based-meat-alternative-startup-fable-food-raises-6-5m-aud-will-launch-in-the-u-s/,plant based meat companies in australia
Grill,ORG,https://techcrunch.com/2021/08/11/mushroom-based-meat-alternative-startup-fable-food-raises-6-5m-aud-will-launch-in-the-u-s/,plant based meat companies in australia
Shoes of Prey.  Fox,ORG,https://techcrunch.com/2021/08/11/mushroom-based-meat-alternative-startup-fable-food-raises-6-5m-aud-will-launch-in-the-u-s/,plant based meat companies in australia
TechCrunch,ORG,https://techcrunch.com/2021/08/11/mushroom-based-meat-alternative-startup-fable-food-raises-6-5m-aud-will-launch-in-the-u-s/,plant based meat companies in australia
Fuller,ORG,https://techcrunch.com/2021/08/11/mushroom-based-meat-alternative-startup-fable-food-raises-6-5m-aud-will-launch-in-the-u-s/,plant based meat companies in australia
SafetyCulture,ORG,https://techcrunch.com/2021/08/11/mushroom-based-meat-alternative-startup-fable-food-raises-6-5m-aud-will-launch-in-the-u-s/,plant based meat companies in australia
Meati,ORG,https://techcrunch.com/2021/08/11/mushroom-based-meat-alternative-startup-fable-food-raises-6-5m-aud-will-launch-in-the-u-s/,plant based meat companies in australia
AtLast,ORG,https://techcrunch.com/2021/08/11/mushroom-based-meat-alternative-startup-fable-food-raises-6-5m-aud-will-launch-in-the-u-s/,plant based meat companies in australia
Fox,ORG,https://techcrunch.com/2021/08/11/mushroom-based-meat-alternative-startup-fable-food-raises-6-5m-aud-will-launch-in-the-u-s/,plant based meat companies in australia
Sunfed Meats,ORG,https://www.greenqueen.com.hk/fable-vegan-mushroom-meat-funding/,plant based meat companies in australia
Warren Hogarth,ORG,https://www.greenqueen.com.hk/fable-vegan-mushroom-meat-funding/,plant based meat companies in australia
Ready Meal Products,ORG,https://www.greenqueen.com.hk/fable-vegan-mushroom-meat-funding/,plant based meat companies in australia
AgFunder,ORG,https://www.greenqueen.com.hk/fable-vegan-mushroom-meat-funding/,plant based meat companies in australia
Dinnerly,ORG,https://www.greenqueen.com.hk/fable-vegan-mushroom-meat-funding/,plant based meat companies in australia
Blackbird Ventures’,ORG,https://www.greenqueen.com.hk/fable-vegan-mushroom-meat-funding/,plant based meat companies in australia
Blackbird,ORG,https://www.greenqueen.com.hk/fable-vegan-mushroom-meat-funding/,plant based meat companies in australia
Spaghetti,ORG,https://www.greenqueen.com.hk/fable-vegan-mushroom-meat-funding/,plant based meat companies in australia
USP,ORG,https://www.greenqueen.com.hk/fable-vegan-mushroom-meat-funding/,plant based meat companies in australia
JBS SA,ORG,https://www.reuters.com/world/us/some-us-meat-plants-stop-operating-after-jbs-cyber-attack-2021-06-01/,plant based meat companies in australia
JBSS3.SA),ORG,https://www.reuters.com/world/us/some-us-meat-plants-stop-operating-after-jbs-cyber-attack-2021-06-01/,plant based meat companies in australia
FBI,ORG,https://www.reuters.com/world/us/some-us-meat-plants-stop-operating-after-jbs-cyber-attack-2021-06-01/,plant based meat companies in australia
Swift,ORG,https://www.reuters.com/world/us/some-us-meat-plants-stop-operating-after-jbs-cyber-attack-2021-06-01/,plant based meat companies in australia
COST.O),ORG,https://www.reuters.com/world/us/some-us-meat-plants-stop-operating-after-jbs-cyber-attack-2021-06-01/,plant based meat companies in australia
Pilgrim's Pride Co,ORG,https://www.reuters.com/world/us/some-us-meat-plants-stop-operating-after-jbs-cyber-attack-2021-06-01/,plant based meat companies in australia
PPC.O),ORG,https://www.reuters.com/world/us/some-us-meat-plants-stop-operating-after-jbs-cyber-attack-2021-06-01/,plant based meat companies in australia
FireEye,ORG,https://www.reuters.com/world/us/some-us-meat-plants-stop-operating-after-jbs-cyber-attack-2021-06-01/,plant based meat companies in australia
Department of Agriculture,ORG,https://www.reuters.com/world/us/some-us-meat-plants-stop-operating-after-jbs-cyber-attack-2021-06-01/,plant based meat companies in australia
REUTERS/Bing Guan Read More,ORG,https://www.reuters.com/world/us/some-us-meat-plants-stop-operating-after-jbs-cyber-attack-2021-06-01/,plant based meat companies in australia
USDA,ORG,https://www.reuters.com/world/us/some-us-meat-plants-stop-operating-after-jbs-cyber-attack-2021-06-01/,plant based meat companies in australia
AFFECTED SYSTEMS,ORG,https://www.reuters.com/world/us/some-us-meat-plants-stop-operating-after-jbs-cyber-attack-2021-06-01/,plant based meat companies in australia
Facebook,ORG,https://www.reuters.com/world/us/some-us-meat-plants-stop-operating-after-jbs-cyber-attack-2021-06-01/,plant based meat companies in australia
The United States Cattlemen's Association,ORG,https://www.reuters.com/world/us/some-us-meat-plants-stop-operating-after-jbs-cyber-attack-2021-06-01/,plant based meat companies in australia
The Thomson Reuters Trust Principles,ORG,https://www.reuters.com/world/us/some-us-meat-plants-stop-operating-after-jbs-cyber-attack-2021-06-01/,plant based meat companies in australia
Australia  Show Caption Hide Caption Global,ORG,https://www.usatoday.com/story/tech/2021/05/31/jbs-cybersecurity-attack-top-meat-supplier/5285566001/,plant based meat companies in australia
AP,ORG,https://www.usatoday.com/story/tech/2021/05/31/jbs-cybersecurity-attack-top-meat-supplier/5285566001/,plant based meat companies in australia
Target,ORG,https://www.usatoday.com/story/tech/2021/05/31/jbs-cybersecurity-attack-top-meat-supplier/5285566001/,plant based meat companies in australia
United Food and Commercial Workers Local 401,ORG,https://www.usatoday.com/story/tech/2021/05/31/jbs-cybersecurity-attack-top-meat-supplier/5285566001/,plant based meat companies in australia
Sony,ORG,https://www.usatoday.com/story/tech/2021/05/31/jbs-cybersecurity-attack-top-meat-supplier/5285566001/,plant based meat companies in australia
Cybersecurity,ORG,https://www.usatoday.com/story/tech/2021/05/31/jbs-cybersecurity-attack-top-meat-supplier/5285566001/,plant based meat companies in australia
Colonial,ORG,https://www.usatoday.com/story/tech/2021/05/31/jbs-cybersecurity-attack-top-meat-supplier/5285566001/,plant based meat companies in australia
JBS,ORG,https://www.usatoday.com/story/tech/2021/05/31/jbs-cybersecurity-attack-top-meat-supplier/5285566001/,plant based meat companies in australia
USA TODAY,ORG,https://www.usatoday.com/story/tech/2021/05/31/jbs-cybersecurity-attack-top-meat-supplier/5285566001/,plant based meat companies in australia
Twitter,ORG,https://www.usatoday.com/story/tech/2021/05/31/jbs-cybersecurity-attack-top-meat-supplier/5285566001/,plant based meat companies in australia
Source: Fable Food Co.,ORG,https://www.greenqueen.com.hk/australian-plant-based-meat-industry-grew-exponentially-2020-new-report-reveals/,plant based meat companies in australia
Food Frontier  Pizza,ORG,https://www.greenqueen.com.hk/australian-plant-based-meat-industry-grew-exponentially-2020-new-report-reveals/,plant based meat companies in australia
Fenn Foods’,ORG,https://www.greenqueen.com.hk/australian-plant-based-meat-industry-grew-exponentially-2020-new-report-reveals/,plant based meat companies in australia
ProForm Foods),ORG,https://www.greenqueen.com.hk/australian-plant-based-meat-industry-grew-exponentially-2020-new-report-reveals/,plant based meat companies in australia
Microsoft,ORG,https://www.beefcentral.com/news/synthetic-meat-investor-bill-gates-calls-for-rich-countries-to-eat-only-synthetic-meat/,plant based meat companies in australia
MIT,ORG,https://www.beefcentral.com/news/synthetic-meat-investor-bill-gates-calls-for-rich-countries-to-eat-only-synthetic-meat/,plant based meat companies in australia
Good Food Institute),ORG,https://www.beefcentral.com/news/synthetic-meat-investor-bill-gates-calls-for-rich-countries-to-eat-only-synthetic-meat/,plant based meat companies in australia
EPA,ORG,https://www.beefcentral.com/news/synthetic-meat-investor-bill-gates-calls-for-rich-countries-to-eat-only-synthetic-meat/,plant based meat companies in australia
NCBA,ORG,https://www.beefcentral.com/news/synthetic-meat-investor-bill-gates-calls-for-rich-countries-to-eat-only-synthetic-meat/,plant based meat companies in australia
Dunn,ORG,https://www.foodanddrinkbusiness.com.au/news/industry-report-plant-based-meat-market-in-australia,plant based meat companies in australia
ProForm,ORG,https://www.foodanddrinkbusiness.com.au/news/industry-report-plant-based-meat-market-in-australia,plant based meat companies in australia
Lancet,ORG,https://www.foodanddrinkbusiness.com.au/news/industry-report-plant-based-meat-market-in-australia,plant based meat companies in australia
Cooper,ORG,https://www.foodanddrinkbusiness.com.au/news/industry-report-plant-based-meat-market-in-australia,plant based meat companies in australia
COVID-19,ORG,https://www.foodanddrinkbusiness.com.au/news/industry-report-plant-based-meat-market-in-australia,plant based meat companies in australia
ProForm Food's,ORG,https://www.foodanddrinkbusiness.com.au/news/industry-report-plant-based-meat-market-in-australia,plant based meat companies in australia
the EAT Group,ORG,https://www.foodanddrinkbusiness.com.au/news/industry-report-plant-based-meat-market-in-australia,plant based meat companies in australia
Lawrence,ORG,https://www.foodanddrinkbusiness.com.au/news/industry-report-plant-based-meat-market-in-australia,plant based meat companies in australia
Deloitte,ORG,https://www.businessnewsaustralia.com/articles/australian-plant-based-meat-demand-surges.html,plant based meat companies in australia
King,ORG,https://www.businessnewsaustralia.com/articles/australian-plant-based-meat-demand-surges.html,plant based meat companies in australia
Business News,ORG,https://www.businessnewsaustralia.com/articles/australian-plant-based-meat-demand-surges.html,plant based meat companies in australia
Maillard,ORG,https://theconversation.com/how-scientists-make-plant-based-foods-taste-and-look-more-like-meat-156839,plant based meat companies in australia
Ross D. Franklin,ORG,https://theconversation.com/how-scientists-make-plant-based-foods-taste-and-look-more-like-meat-156839,plant based meat companies in australia
7News,ORG,https://plantbasednews.org/culture/law-and-politics/australia-launches-senate-inquiry-into-potential-ban-on-plant-based-meat-labels/,plant based meat companies in australia
EU,ORG,https://plantbasednews.org/culture/law-and-politics/australia-launches-senate-inquiry-into-potential-ban-on-plant-based-meat-labels/,plant based meat companies in australia
Cornell University –,ORG,https://plantbasednews.org/culture/law-and-politics/australia-launches-senate-inquiry-into-potential-ban-on-plant-based-meat-labels/,plant based meat companies in australia
House,ORG,https://plantbasednews.org/culture/law-and-politics/australia-launches-senate-inquiry-into-potential-ban-on-plant-based-meat-labels/,plant based meat companies in australia
CNN Business) Beyond Meat,ORG,https://www.cnn.com/2021/01/26/business/pepsi-beyond-meat-joint-venture/index.html,plant based meat companies in australia
Meat BYND,ORG,https://www.cnn.com/2021/01/26/business/pepsi-beyond-meat-joint-venture/index.html,plant based meat companies in australia
Beyond,ORG,https://www.cnn.com/2021/01/26/business/pepsi-beyond-meat-joint-venture/index.html,plant based meat companies in australia
UBS,ORG,https://www.cnn.com/2021/01/26/business/pepsi-beyond-meat-joint-venture/index.html,plant based meat companies in australia
Pepsi,ORG,https://www.cnn.com/2021/01/26/business/pepsi-beyond-meat-joint-venture/index.html,plant based meat companies in australia
MasterFoods,ORG,https://techcrunch.com/2021/08/06/australias-v2food-aims-to-expand-its-plant-based-meats-to-europe-and-asia-with-e45m-raise/,plant based meat companies in australia
PepsiCo R&D,ORG,https://techcrunch.com/2021/08/06/australias-v2food-aims-to-expand-its-plant-based-meats-to-europe-and-asia-with-e45m-raise/,plant based meat companies in australia
Hazell,ORG,https://techcrunch.com/2021/08/06/australias-v2food-aims-to-expand-its-plant-based-meats-to-europe-and-asia-with-e45m-raise/,plant based meat companies in australia
Huaxing Growth Capitol Fund,ORG,https://techcrunch.com/2021/08/06/australias-v2food-aims-to-expand-its-plant-based-meats-to-europe-and-asia-with-e45m-raise/,plant based meat companies in australia
Main Sequence,ORG,https://techcrunch.com/2021/08/06/australias-v2food-aims-to-expand-its-plant-based-meats-to-europe-and-asia-with-e45m-raise/,plant based meat companies in australia
Astanor,ORG,https://techcrunch.com/2021/08/06/australias-v2food-aims-to-expand-its-plant-based-meats-to-europe-and-asia-with-e45m-raise/,plant based meat companies in australia
McDonald’s,ORG,https://www.forbes.com/sites/briankateman/2021/01/19/investors-are-looking-towards-plant-based-food--but-what-are-they-seeing/,plant based meat companies in australia
Oatly,ORG,https://www.forbes.com/sites/briankateman/2021/01/19/investors-are-looking-towards-plant-based-food--but-what-are-they-seeing/,plant based meat companies in australia
E²JDJ,ORG,https://www.forbes.com/sites/briankateman/2021/01/19/investors-are-looking-towards-plant-based-food--but-what-are-they-seeing/,plant based meat companies in australia
Corey Jones,ORG,https://www.forbes.com/sites/briankateman/2021/01/19/investors-are-looking-towards-plant-based-food--but-what-are-they-seeing/,plant based meat companies in australia
Eat Beyond,ORG,https://www.forbes.com/sites/briankateman/2021/01/19/investors-are-looking-towards-plant-based-food--but-what-are-they-seeing/,plant based meat companies in australia
Boer,ORG,https://www.forbes.com/sites/briankateman/2021/01/19/investors-are-looking-towards-plant-based-food--but-what-are-they-seeing/,plant based meat companies in australia
Hartman,ORG,https://www.forbes.com/sites/briankateman/2021/01/19/investors-are-looking-towards-plant-based-food--but-what-are-they-seeing/,plant based meat companies in australia
NOAC),ORG,https://www.forbes.com/sites/briankateman/2021/01/19/investors-are-looking-towards-plant-based-food--but-what-are-they-seeing/,plant based meat companies in australia
SPAC,ORG,https://www.forbes.com/sites/briankateman/2021/01/19/investors-are-looking-towards-plant-based-food--but-what-are-they-seeing/,plant based meat companies in australia
IPO,ORG,https://www.forbes.com/sites/briankateman/2021/01/19/investors-are-looking-towards-plant-based-food--but-what-are-they-seeing/,plant based meat companies in australia
Patel,ORG,https://www.forbes.com/sites/briankateman/2021/01/19/investors-are-looking-towards-plant-based-food--but-what-are-they-seeing/,plant based meat companies in australia
NOAC,ORG,https://www.forbes.com/sites/briankateman/2021/01/19/investors-are-looking-towards-plant-based-food--but-what-are-they-seeing/,plant based meat companies in australia
Feria,ORG,https://www.forbes.com/sites/briankateman/2021/01/19/investors-are-looking-towards-plant-based-food--but-what-are-they-seeing/,plant based meat companies in australia
SOPA Images/LightRocket,ORG,https://www.forbes.com/sites/greatspeculations/2021/06/03/tyson-kellogg-will-plant-based-meat-stocks-outperform/,plant based meat companies in australia
Getty Images) SOPA Images/LightRocket,ORG,https://www.forbes.com/sites/greatspeculations/2021/06/03/tyson-kellogg-will-plant-based-meat-stocks-outperform/,plant based meat companies in australia
Kellogg,ORG,https://www.forbes.com/sites/greatspeculations/2021/06/03/tyson-kellogg-will-plant-based-meat-stocks-outperform/,plant based meat companies in australia
Ingredion,ORG,https://www.forbes.com/sites/greatspeculations/2021/06/03/tyson-kellogg-will-plant-based-meat-stocks-outperform/,plant based meat companies in australia
Stock Price Trefis  INGR  Kellogg,ORG,https://www.forbes.com/sites/greatspeculations/2021/06/03/tyson-kellogg-will-plant-based-meat-stocks-outperform/,plant based meat companies in australia
Trefis,ORG,https://www.forbes.com/sites/greatspeculations/2021/06/03/tyson-kellogg-will-plant-based-meat-stocks-outperform/,plant based meat companies in australia
Nestlé  Plant-based,ORG,https://www.cnn.com/2021/04/07/business/plant-based-food-drink-asia-intl-hnk/index.html,plant based meat companies in australia
Green Monday's,ORG,https://www.cnn.com/2021/04/07/business/plant-based-food-drink-asia-intl-hnk/index.html,plant based meat companies in australia
OmniPork,ORG,https://www.cnn.com/2021/04/07/business/plant-based-food-drink-asia-intl-hnk/index.html,plant based meat companies in australia
Bono.  Alibaba BABA Yum China,ORG,https://www.cnn.com/2021/04/07/business/plant-based-food-drink-asia-intl-hnk/index.html,plant based meat companies in australia
YUMC Beyond Meat,ORG,https://www.cnn.com/2021/04/07/business/plant-based-food-drink-asia-intl-hnk/index.html,plant based meat companies in australia
KFC,ORG,https://www.cnn.com/2021/04/07/business/plant-based-food-drink-asia-intl-hnk/index.html,plant based meat companies in australia
Woodside,ORG,https://www.cnn.com/2021/04/07/business/plant-based-food-drink-asia-intl-hnk/index.html,plant based meat companies in australia
Karana,ORG,https://www.cnn.com/2021/04/07/business/plant-based-food-drink-asia-intl-hnk/index.html,plant based meat companies in australia
Nescafé,ORG,https://www.cnn.com/2021/04/07/business/plant-based-food-drink-asia-intl-hnk/index.html,plant based meat companies in australia
Nesquik,ORG,https://www.cnn.com/2021/04/07/business/plant-based-food-drink-asia-intl-hnk/index.html,plant based meat companies in australia
Nestlé,ORG,https://www.cnn.com/2021/04/07/business/plant-based-food-drink-asia-intl-hnk/index.html,plant based meat companies in australia
CNN,ORG,https://www.cnn.com/2021/04/07/business/plant-based-food-drink-asia-intl-hnk/index.html,plant based meat companies in australia
The Wall Street Journal,ORG,https://www.wsj.com/articles/jbs-paid-11-million-to-resolve-ransomware-attack-11623280781,plant based meat companies in australia
the Customer Center,ORG,https://www.wsj.com/articles/jbs-paid-11-million-to-resolve-ransomware-attack-11623280781,plant based meat companies in australia
Customer Service,ORG,https://www.wsj.com/articles/jbs-paid-11-million-to-resolve-ransomware-attack-11623280781,plant based meat companies in australia
Eat Just's,ORG,https://www.fooddive.com/news/vow-and-nourish-team-up-to-make-cell-based-meat-with-animal-free-fat/605544/,plant based meat companies in australia
Vow and Nourish,ORG,https://www.fooddive.com/news/vow-and-nourish-team-up-to-make-cell-based-meat-with-animal-free-fat/605544/,plant based meat companies in australia
Crunchbase,ORG,https://www.fooddive.com/news/vow-and-nourish-team-up-to-make-cell-based-meat-with-animal-free-fat/605544/,plant based meat companies in australia
Vow,ORG,https://www.fooddive.com/news/vow-and-nourish-team-up-to-make-cell-based-meat-with-animal-free-fat/605544/,plant based meat companies in australia
Novel,ORG,https://www.fooddive.com/news/vow-and-nourish-team-up-to-make-cell-based-meat-with-animal-free-fat/605544/,plant based meat companies in australia
AFP,ORG,https://www.forbes.com/sites/briankateman/2021/04/26/why-near-monopolies-in-plant-based-meat-arent-such-a-bad-thing/,plant based meat companies in australia
Gardein,ORG,https://www.forbes.com/sites/briankateman/2021/04/26/why-near-monopolies-in-plant-based-meat-arent-such-a-bad-thing/,plant based meat companies in australia
Breakthrough Institute's,ORG,https://www.forbes.com/sites/briankateman/2021/04/26/why-near-monopolies-in-plant-based-meat-arent-such-a-bad-thing/,plant based meat companies in australia
GFI,ORG,https://www.forbes.com/sites/briankateman/2021/04/26/why-near-monopolies-in-plant-based-meat-arent-such-a-bad-thing/,plant based meat companies in australia
Guardian,ORG,https://www.forbes.com/sites/briankateman/2021/04/26/why-near-monopolies-in-plant-based-meat-arent-such-a-bad-thing/,plant based meat companies in australia
Barclays,ORG,https://www.goodfood.com.au/good-health/are-plantbased-meat-alternatives-better-for-you-and-the-environment-20210728-h1xhvw,plant based meat companies in australia
Hungry Jacks',ORG,https://www.goodfood.com.au/good-health/are-plantbased-meat-alternatives-better-for-you-and-the-environment-20210728-h1xhvw,plant based meat companies in australia
Fable,ORG,https://www.goodfood.com.au/good-health/are-plantbased-meat-alternatives-better-for-you-and-the-environment-20210728-h1xhvw,plant based meat companies in australia
Deakin University,ORG,https://www.goodfood.com.au/good-health/are-plantbased-meat-alternatives-better-for-you-and-the-environment-20210728-h1xhvw,plant based meat companies in australia
v2Food,ORG,https://www.goodfood.com.au/good-health/are-plantbased-meat-alternatives-better-for-you-and-the-environment-20210728-h1xhvw,plant based meat companies in australia
Dalrymple,ORG,https://www.goodfood.com.au/good-health/are-plantbased-meat-alternatives-better-for-you-and-the-environment-20210728-h1xhvw,plant based meat companies in australia
SIMULATE,ORG,https://www.forbes.com/sites/douglasyu/2021/06/08/reddit-cofounder-alexis-ohanian-leads-50-million-series-b-funding-in-plant-based-meat-startup-simulate/,plant based meat companies in australia
Sam’s Club,ORG,https://www.forbes.com/sites/douglasyu/2021/06/08/reddit-cofounder-alexis-ohanian-leads-50-million-series-b-funding-in-plant-based-meat-startup-simulate/,plant based meat companies in australia
The Intersection Of Nutrition And Technology  Pasternak,ORG,https://www.forbes.com/sites/douglasyu/2021/06/08/reddit-cofounder-alexis-ohanian-leads-50-million-series-b-funding-in-plant-based-meat-startup-simulate/,plant based meat companies in australia
MCD,ORG,https://www.forbes.com/sites/douglasyu/2021/06/08/reddit-cofounder-alexis-ohanian-leads-50-million-series-b-funding-in-plant-based-meat-startup-simulate/,plant based meat companies in australia
Seven Seven Six,ORG,https://www.forbes.com/sites/douglasyu/2021/06/08/reddit-cofounder-alexis-ohanian-leads-50-million-series-b-funding-in-plant-based-meat-startup-simulate/,plant based meat companies in australia
NUGGS,ORG,https://www.forbes.com/sites/douglasyu/2021/06/08/reddit-cofounder-alexis-ohanian-leads-50-million-series-b-funding-in-plant-based-meat-startup-simulate/,plant based meat companies in australia
the Centre for Culinary Innovation at Northern Alberta Institute of Technology,ORG,https://theconversation.com/lab-grown-and-plant-based-meat-the-science-psychology-and-future-of-meat-alternatives-podcast-164441,plant based meat companies in australia
Stout,ORG,https://theconversation.com/lab-grown-and-plant-based-meat-the-science-psychology-and-future-of-meat-alternatives-podcast-164441,plant based meat companies in australia
Mend Mariwany,ORG,https://theconversation.com/lab-grown-and-plant-based-meat-the-science-psychology-and-future-of-meat-alternatives-podcast-164441,plant based meat companies in australia
BBC,ORG,https://theconversation.com/lab-grown-and-plant-based-meat-the-science-psychology-and-future-of-meat-alternatives-podcast-164441,plant based meat companies in australia
Reuters,ORG,https://theconversation.com/lab-grown-and-plant-based-meat-the-science-psychology-and-future-of-meat-alternatives-podcast-164441,plant based meat companies in australia
Springmann,ORG,https://www.smh.com.au/business/companies/plant-based-meat-sales-are-soaring-but-experts-warn-it-may-not-be-better-for-you-or-the-environment-20210317-p57bi2.html,plant based meat companies in australia
V2Foods,ORG,https://www.smh.com.au/business/companies/plant-based-meat-sales-are-soaring-but-experts-warn-it-may-not-be-better-for-you-or-the-environment-20210317-p57bi2.html,plant based meat companies in australia
Woolworths,ORG,https://thebeet.com/krafts-blue-box-mac-cheese-just-got-a-vegan-makeover/,plant based meat companies in australia
Springboard Brands,ORG,https://thebeet.com/krafts-blue-box-mac-cheese-just-got-a-vegan-makeover/,plant based meat companies in australia
Kraft,ORG,https://thebeet.com/krafts-blue-box-mac-cheese-just-got-a-vegan-makeover/,plant based meat companies in australia
Silicon Valley-based,ORG,https://thebeet.com/krafts-blue-box-mac-cheese-just-got-a-vegan-makeover/,plant based meat companies in australia
Good Vegan Mayo,ORG,https://thebeet.com/krafts-blue-box-mac-cheese-just-got-a-vegan-makeover/,plant based meat companies in australia
Vegan Salad Cream,ORG,https://thebeet.com/krafts-blue-box-mac-cheese-just-got-a-vegan-makeover/,plant based meat companies in australia
“Beanz Meanz Vegan,ORG,https://thebeet.com/krafts-blue-box-mac-cheese-just-got-a-vegan-makeover/,plant based meat companies in australia
Veganuary,ORG,https://thebeet.com/krafts-blue-box-mac-cheese-just-got-a-vegan-makeover/,plant based meat companies in australia
Heinz,ORG,https://thebeet.com/krafts-blue-box-mac-cheese-just-got-a-vegan-makeover/,plant based meat companies in australia
Instagram,ORG,https://plantbasednews.org/lifestyle/food/panda-express-vegan-orange-chicken-beyond-meat/,plant based meat companies in australia
Vegan Orange Chicken,ORG,https://plantbasednews.org/lifestyle/food/panda-express-vegan-orange-chicken-beyond-meat/,plant based meat companies in australia
Panda,ORG,https://plantbasednews.org/lifestyle/food/panda-express-vegan-orange-chicken-beyond-meat/,plant based meat companies in australia
Meat  Beyond Meat,ORG,https://plantbasednews.org/lifestyle/food/panda-express-vegan-orange-chicken-beyond-meat/,plant based meat companies in australia
NASDAQ,ORG,https://www.fool.com/investing/2021/06/07/why-beyond-meat-is-rallying-5-higher-today/,plant based meat companies in australia
BYND,ORG,https://www.fool.com/investing/2021/06/07/why-beyond-meat-is-rallying-5-higher-today/,plant based meat companies in australia
Coles,ORG,https://www.fool.com/investing/2021/06/07/why-beyond-meat-is-rallying-5-higher-today/,plant based meat companies in australia
Beyond Meat's,ORG,https://www.fool.com/investing/2021/06/07/why-beyond-meat-is-rallying-5-higher-today/,plant based meat companies in australia
CNBC,ORG,https://www.fool.com/investing/2021/06/07/why-beyond-meat-is-rallying-5-higher-today/,plant based meat companies in australia
Reddit,ORG,https://www.fool.com/investing/2021/06/07/why-beyond-meat-is-rallying-5-higher-today/,plant based meat companies in australia
Rogue,ORG,https://www.theguardian.com/food/2021/sep/11/how-the-sausage-gets-made-the-serious-business-of-fake-meat,plant based meat companies in australia
Nando’s and Grill,ORG,https://www.theguardian.com/food/2021/sep/11/how-the-sausage-gets-made-the-serious-business-of-fake-meat,plant based meat companies in australia
Hungry Jack,ORG,https://www.theguardian.com/food/2021/sep/11/how-the-sausage-gets-made-the-serious-business-of-fake-meat,plant based meat companies in australia
Rebel Whopper’,ORG,https://www.theguardian.com/food/2021/sep/11/how-the-sausage-gets-made-the-serious-business-of-fake-meat,plant based meat companies in australia
Bloomberg,ORG,https://www.theguardian.com/food/2021/sep/11/how-the-sausage-gets-made-the-serious-business-of-fake-meat,plant based meat companies in australia
Getty Images,ORG,https://www.theguardian.com/food/2021/sep/11/how-the-sausage-gets-made-the-serious-business-of-fake-meat,plant based meat companies in australia
Fable Food Co  Fable,ORG,https://www.theguardian.com/food/2021/sep/11/how-the-sausage-gets-made-the-serious-business-of-fake-meat,plant based meat companies in australia
Vow Foods  Vow Foods,ORG,https://www.theguardian.com/food/2021/sep/11/how-the-sausage-gets-made-the-serious-business-of-fake-meat,plant based meat companies in australia
Eat Just,ORG,https://www.theguardian.com/food/2021/sep/11/how-the-sausage-gets-made-the-serious-business-of-fake-meat,plant based meat companies in australia
CSIRO,ORG,https://www.theguardian.com/food/2021/sep/11/how-the-sausage-gets-made-the-serious-business-of-fake-meat,plant based meat companies in australia
Colgrave,ORG,https://www.theguardian.com/food/2021/sep/11/how-the-sausage-gets-made-the-serious-business-of-fake-meat,plant based meat companies in australia
Senate,ORG,https://www.theguardian.com/food/2021/sep/11/how-the-sausage-gets-made-the-serious-business-of-fake-meat,plant based meat companies in australia
ACCC,ORG,https://www.theguardian.com/food/2021/sep/11/how-the-sausage-gets-made-the-serious-business-of-fake-meat,plant based meat companies in australia
Meat,ORG,https://www.theguardian.com/food/2021/sep/11/how-the-sausage-gets-made-the-serious-business-of-fake-meat,plant based meat companies in australia
Livestock Australia,ORG,https://www.theguardian.com/food/2021/sep/11/how-the-sausage-gets-made-the-serious-business-of-fake-meat,plant based meat companies in australia
Strong,ORG,https://www.theguardian.com/food/2021/sep/11/how-the-sausage-gets-made-the-serious-business-of-fake-meat,plant based meat companies in australia
THIS’,ORG,https://vegnews.com/2021/7/worlds-first-vegan-meat-sommelier,plant based meat companies in australia
Prezzos,ORG,https://vegnews.com/2021/7/worlds-first-vegan-meat-sommelier,plant based meat companies in australia
Manchester United,ORG,https://vegnews.com/2021/7/worlds-first-vegan-meat-sommelier,plant based meat companies in australia
THIS,ORG,https://vegnews.com/2021/7/worlds-first-vegan-meat-sommelier,plant based meat companies in australia
Morrisons,ORG,https://www.foodingredientsfirst.com/news/bunge-invests-au457m-to-boost-next-phase-of-australian-plant-based-growth.html,plant based meat companies in australia
"Clayton, Dubilier & Rice",ORG,https://www.foodingredientsfirst.com/news/bunge-invests-au457m-to-boost-next-phase-of-australian-plant-based-growth.html,plant based meat companies in australia
The World Economic Forum's,ORG,https://www.businessinsider.com/david-yeung-turning-asia-vegan-raised-70-million-funding-interview-2021-3,plant based meat companies in australia
Social Entrepreneur,ORG,https://www.businessinsider.com/david-yeung-turning-asia-vegan-raised-70-million-funding-interview-2021-3,plant based meat companies in australia
McDonald's,ORG,https://www.businessinsider.com/david-yeung-turning-asia-vegan-raised-70-million-funding-interview-2021-3,plant based meat companies in australia
Insider,ORG,https://www.businessinsider.com/david-yeung-turning-asia-vegan-raised-70-million-funding-interview-2021-3,plant based meat companies in australia
PowerPoint,ORG,https://www.businessinsider.com/david-yeung-turning-asia-vegan-raised-70-million-funding-interview-2021-3,plant based meat companies in australia
Green Common / Provided  Yeung,ORG,https://www.businessinsider.com/david-yeung-turning-asia-vegan-raised-70-million-funding-interview-2021-3,plant based meat companies in australia
McDonald,ORG,https://www.businessinsider.com/david-yeung-turning-asia-vegan-raised-70-million-funding-interview-2021-3,plant based meat companies in australia
PepsiCo,ORG,https://www.businessinsider.com/david-yeung-turning-asia-vegan-raised-70-million-funding-interview-2021-3,plant based meat companies in australia
Baicaowei,ORG,https://www.businessinsider.com/david-yeung-turning-asia-vegan-raised-70-million-funding-interview-2021-3,plant based meat companies in australia
Daiz,ORG,https://www.businessinsider.com/david-yeung-turning-asia-vegan-raised-70-million-funding-interview-2021-3,plant based meat companies in australia
Nestle,ORG,https://www.businessinsider.com/david-yeung-turning-asia-vegan-raised-70-million-funding-interview-2021-3,plant based meat companies in australia
FoodNavigator-Asia,ORG,https://www.foodnavigator-asia.com/Article/2021/04/26/Exporting-hurdle-Australian-plant-based-meat-firms-need-to-overcome-production-and-format-challenges-to-drive-down-prices,plant based meat companies in australia
Job,ORG,https://www.foodnavigator-asia.com/Article/2021/04/26/Exporting-hurdle-Australian-plant-based-meat-firms-need-to-overcome-production-and-format-challenges-to-drive-down-prices,plant based meat companies in australia
Sanitarium,ORG,https://www.foodnavigator-asia.com/Article/2021/04/26/Exporting-hurdle-Australian-plant-based-meat-firms-need-to-overcome-production-and-format-challenges-to-drive-down-prices,plant based meat companies in australia
v2food,ORG,https://www.foodnavigator-asia.com/Article/2021/04/26/Exporting-hurdle-Australian-plant-based-meat-firms-need-to-overcome-production-and-format-challenges-to-drive-down-prices,plant based meat companies in australia
AMIC),ORG,https://www.beefcentral.com/news/meat-and-alternative-protein-goups-respond-to-senate-inquiry-into-definitions-of-meat/,plant based meat companies in australia
AMIC,ORG,https://www.beefcentral.com/news/meat-and-alternative-protein-goups-respond-to-senate-inquiry-into-definitions-of-meat/,plant based meat companies in australia
Cattle Council of Australia  Cattle Council of Australia,ORG,https://www.beefcentral.com/news/meat-and-alternative-protein-goups-respond-to-senate-inquiry-into-definitions-of-meat/,plant based meat companies in australia
CCA),ORG,https://www.beefcentral.com/news/meat-and-alternative-protein-goups-respond-to-senate-inquiry-into-definitions-of-meat/,plant based meat companies in australia
CCA,ORG,https://www.beefcentral.com/news/meat-and-alternative-protein-goups-respond-to-senate-inquiry-into-definitions-of-meat/,plant based meat companies in australia
Beef,ORG,https://www.beefcentral.com/news/meat-and-alternative-protein-goups-respond-to-senate-inquiry-into-definitions-of-meat/,plant based meat companies in australia
Parliament,ORG,https://www.beefcentral.com/news/meat-and-alternative-protein-goups-respond-to-senate-inquiry-into-definitions-of-meat/,plant based meat companies in australia
Alternative Proteins Council,ORG,https://www.beefcentral.com/news/meat-and-alternative-protein-goups-respond-to-senate-inquiry-into-definitions-of-meat/,plant based meat companies in australia
Commonwealth Government,ORG,https://www.beefcentral.com/news/meat-and-alternative-protein-goups-respond-to-senate-inquiry-into-definitions-of-meat/,plant based meat companies in australia
Inquiry,ORG,https://www.beefcentral.com/news/meat-and-alternative-protein-goups-respond-to-senate-inquiry-into-definitions-of-meat/,plant based meat companies in australia
Committee,ORG,https://www.beefcentral.com/news/meat-and-alternative-protein-goups-respond-to-senate-inquiry-into-definitions-of-meat/,plant based meat companies in australia
The Alternative Proteins Council (APC),ORG,https://www.beefcentral.com/news/meat-and-alternative-protein-goups-respond-to-senate-inquiry-into-definitions-of-meat/,plant based meat companies in australia
APC,ORG,https://www.beefcentral.com/news/meat-and-alternative-protein-goups-respond-to-senate-inquiry-into-definitions-of-meat/,plant based meat companies in australia
Alternatives Protein Council  Sources,ORG,https://www.beefcentral.com/news/meat-and-alternative-protein-goups-respond-to-senate-inquiry-into-definitions-of-meat/,plant based meat companies in australia
Impossible Foods),ORG,https://techcrunch.com/2021/03/25/while-other-startups-develop-alt-proteins-for-meat-replacement-nourish-ingredients-focuses-on-fat/,plant based meat companies in australia
Petrie,ORG,https://techcrunch.com/2021/03/25/while-other-startups-develop-alt-proteins-for-meat-replacement-nourish-ingredients-focuses-on-fat/,plant based meat companies in australia
Leita,ORG,https://techcrunch.com/2021/03/25/while-other-startups-develop-alt-proteins-for-meat-replacement-nourish-ingredients-focuses-on-fat/,plant based meat companies in australia
CSRO,ORG,https://techcrunch.com/2021/03/25/while-other-startups-develop-alt-proteins-for-meat-replacement-nourish-ingredients-focuses-on-fat/,plant based meat companies in australia
Geltor,ORG,https://techcrunch.com/2021/03/25/while-other-startups-develop-alt-proteins-for-meat-replacement-nourish-ingredients-focuses-on-fat/,plant based meat companies in australia
Solazyme,ORG,https://techcrunch.com/2021/03/25/while-other-startups-develop-alt-proteins-for-meat-replacement-nourish-ingredients-focuses-on-fat/,plant based meat companies in australia
Nourish,ORG,https://techcrunch.com/2021/03/25/while-other-startups-develop-alt-proteins-for-meat-replacement-nourish-ingredients-focuses-on-fat/,plant based meat companies in australia
